Run,Gen,gain,Best fit,Mean,STD,BEST SOL
0,0,78.0,92.25092391510478,10.174464579724848,30.935256844814052,"[ 9.96296324e-01 -2.79938512e-01 -1.76633034e-01 -6.94309017e-01
 -2.55177114e-01  1.09997645e-01  6.53359066e-01 -5.31129559e-01
 -1.94195249e-01  5.00344461e-01 -8.41266826e-01 -5.03006344e-01
 -6.69466589e-01  8.83441709e-01 -8.41856650e-01  7.65391042e-01
 -6.94768704e-02 -7.30232735e-01  1.94321681e-01  5.00022566e-02
  9.47132228e-01 -5.68606350e-01 -6.31220610e-01 -3.15114767e-01
 -5.07913137e-01 -2.72814420e-01  7.03036176e-01  6.92635962e-01
 -3.93806954e-01  2.60278364e-01 -8.50913889e-01  2.18238343e-01
 -1.54624821e-01  2.03985632e-01  8.84772926e-01 -9.62114040e-01
  8.03390591e-01 -9.69477328e-01  8.94405751e-02  4.38230088e-01
 -4.65831570e-01 -4.46629806e-01 -1.04177110e-01  9.52556294e-01
 -9.66863976e-01  6.19375297e-01  9.29987792e-01 -8.18352015e-01
  9.20216470e-01  3.15131777e-01 -2.84175470e-01 -2.03832846e-01
 -2.93927589e-01 -9.01287461e-01 -5.93981564e-01 -3.34385715e-01
  5.87153204e-01 -3.33763263e-01 -6.84112089e-01 -7.66035982e-02
 -2.60192324e-01 -2.71589542e-01 -3.55871240e-01 -7.67391194e-01
 -2.34907492e-01 -7.08710383e-01 -4.72027877e-01 -8.30131626e-02
  1.07162077e-01 -8.66927251e-01  3.78223010e-01  1.84083505e-02
  7.19602341e-01  4.36079929e-01 -8.48530902e-01 -1.08949167e-01
  9.39801447e-02  8.86791361e-01 -7.47341832e-01  1.48252092e-01
 -4.61021725e-01  5.70529285e-01  3.94292822e-01  3.64930823e-01
 -2.06671211e-01  2.09177198e-01  8.02345592e-01  3.28732622e-01
  3.72593477e-01  8.15221352e-01 -1.79936961e-01 -4.79199162e-01
  2.79702096e-03 -2.59854855e-01  8.78557759e-01 -6.13278029e-01
  7.13594789e-01  2.75178778e-01  5.35393401e-01 -7.61866355e-01
  6.86953691e-01 -6.64135810e-01 -2.29161455e-01  8.16555661e-01
 -3.96372549e-01  4.88783172e-02  1.48832954e-01  8.70381595e-01
  1.40974174e-01  6.78577893e-01 -5.36300971e-01 -9.42595228e-01
 -6.50608721e-01  7.86005429e-02  8.29527093e-01 -2.99443533e-01
  4.79820427e-02 -3.22659774e-01  5.01005182e-04  5.63582517e-01
 -7.88664774e-01 -7.78487112e-01  9.56602077e-01  9.53464237e-01
  6.90037752e-01 -3.76055704e-02 -2.87719159e-01 -5.86267649e-01
  6.79927910e-01  1.04874874e-01  7.43690402e-01 -7.36850162e-01
  5.25114183e-01 -1.44586454e-01 -4.21240060e-01  6.48413327e-01
  7.51502341e-01  9.18945284e-01  5.08347491e-01 -4.56331319e-01
 -9.60266687e-02  6.25145779e-01 -1.17601836e-01 -3.84921761e-01
  4.76565498e-01 -9.19398553e-01 -9.22614654e-01  9.74493061e-01
 -9.35686685e-01  3.75284868e-01 -4.41563556e-01 -7.91483205e-01
 -7.75742545e-01 -3.56954493e-01  7.46017301e-01  1.44987939e-01
  4.80461199e-01 -2.69153510e-01 -3.16693443e-01  1.53412814e-01
 -6.68328237e-01  8.36609503e-02 -4.18812571e-01  6.55124560e-01
 -1.85796645e-01 -8.22592943e-01 -9.81460992e-01  9.54893057e-01
  2.75022142e-01  8.41805508e-01 -8.80848260e-01 -4.50643569e-01
 -9.08601651e-01 -5.62290762e-01 -4.66430891e-01  5.08038711e-01
 -5.86534266e-01 -5.49209162e-01  3.61390941e-01 -2.32604071e-01
  3.74730858e-01  9.46119417e-01 -9.35976199e-01 -1.99171599e-01
  2.50608448e-02 -2.56371859e-01 -9.49665070e-01 -6.79878231e-01
  8.90622344e-01 -5.76762639e-01  6.14285739e-01  2.97040906e-01
 -3.02174822e-01 -3.39927741e-01  7.01736640e-01 -5.14909298e-01
 -4.51579270e-01 -1.43351168e-01 -6.67039299e-01  2.99687205e-01
 -7.10091430e-01 -6.96496006e-02  5.33525941e-01 -5.31696830e-01
 -5.93453576e-01 -2.04940757e-01  8.59314700e-01 -7.07393741e-01
  2.22564739e-01 -9.22292273e-01 -2.75115279e-02 -6.88188125e-01
 -3.03266626e-01  2.72110376e-01 -6.22016777e-01  8.97317498e-01
 -6.43687558e-01  2.66411663e-01  2.05191102e-01  3.71060660e-01
 -8.55821733e-01 -9.89354299e-01  4.07670875e-01 -2.96564710e-01
  3.19016910e-01 -1.73717261e-01 -8.67190467e-01  6.85829138e-01
  9.21474400e-01  6.27730577e-01  5.32158100e-01 -6.61527976e-01
 -8.45508512e-01 -3.13062587e-01  3.24273648e-01  6.95897695e-01
  3.78803142e-02  1.84947327e-01  2.99116040e-01 -7.86240318e-01
 -6.77575124e-01  6.26468187e-01  7.81302582e-01 -8.47279276e-01
  2.38384195e-01 -1.06554164e-01  8.79959404e-01 -3.22270087e-01
  4.58213643e-01  4.03936579e-01  1.04632750e-01  3.99504759e-01
  2.77389594e-01  6.99550677e-01 -3.12210279e-01 -4.71642871e-01
  4.28240763e-01 -7.98556266e-01 -9.87825015e-01  3.85169620e-01
 -9.56927831e-01 -1.48399471e-02  5.10342067e-01  8.30634580e-01
 -5.00550206e-01]"
0,1,78.0,92.25092391510478,24.32670150898824,38.61258082640779,"[ 9.96296324e-01 -2.79938512e-01 -1.76633034e-01 -6.94309017e-01
 -2.55177114e-01  1.09997645e-01  6.53359066e-01 -5.31129559e-01
 -1.94195249e-01  5.00344461e-01 -8.41266826e-01 -5.03006344e-01
 -6.69466589e-01  8.83441709e-01 -8.41856650e-01  7.65391042e-01
 -6.94768704e-02 -7.30232735e-01  1.94321681e-01  5.00022566e-02
  9.47132228e-01 -5.68606350e-01 -6.31220610e-01 -3.15114767e-01
 -5.07913137e-01 -2.72814420e-01  7.03036176e-01  6.92635962e-01
 -3.93806954e-01  2.60278364e-01 -8.50913889e-01  2.18238343e-01
 -1.54624821e-01  2.03985632e-01  8.84772926e-01 -9.62114040e-01
  8.03390591e-01 -9.69477328e-01  8.94405751e-02  4.38230088e-01
 -4.65831570e-01 -4.46629806e-01 -1.04177110e-01  9.52556294e-01
 -9.66863976e-01  6.19375297e-01  9.29987792e-01 -8.18352015e-01
  9.20216470e-01  3.15131777e-01 -2.84175470e-01 -2.03832846e-01
 -2.93927589e-01 -9.01287461e-01 -5.93981564e-01 -3.34385715e-01
  5.87153204e-01 -3.33763263e-01 -6.84112089e-01 -7.66035982e-02
 -2.60192324e-01 -2.71589542e-01 -3.55871240e-01 -7.67391194e-01
 -2.34907492e-01 -7.08710383e-01 -4.72027877e-01 -8.30131626e-02
  1.07162077e-01 -8.66927251e-01  3.78223010e-01  1.84083505e-02
  7.19602341e-01  4.36079929e-01 -8.48530902e-01 -1.08949167e-01
  9.39801447e-02  8.86791361e-01 -7.47341832e-01  1.48252092e-01
 -4.61021725e-01  5.70529285e-01  3.94292822e-01  3.64930823e-01
 -2.06671211e-01  2.09177198e-01  8.02345592e-01  3.28732622e-01
  3.72593477e-01  8.15221352e-01 -1.79936961e-01 -4.79199162e-01
  2.79702096e-03 -2.59854855e-01  8.78557759e-01 -6.13278029e-01
  7.13594789e-01  2.75178778e-01  5.35393401e-01 -7.61866355e-01
  6.86953691e-01 -6.64135810e-01 -2.29161455e-01  8.16555661e-01
 -3.96372549e-01  4.88783172e-02  1.48832954e-01  8.70381595e-01
  1.40974174e-01  6.78577893e-01 -5.36300971e-01 -9.42595228e-01
 -6.50608721e-01  7.86005429e-02  8.29527093e-01 -2.99443533e-01
  4.79820427e-02 -3.22659774e-01  5.01005182e-04  5.63582517e-01
 -7.88664774e-01 -7.78487112e-01  9.56602077e-01  9.53464237e-01
  6.90037752e-01 -3.76055704e-02 -2.87719159e-01 -5.86267649e-01
  6.79927910e-01  1.04874874e-01  7.43690402e-01 -7.36850162e-01
  5.25114183e-01 -1.44586454e-01 -4.21240060e-01  6.48413327e-01
  7.51502341e-01  9.18945284e-01  5.08347491e-01 -4.56331319e-01
 -9.60266687e-02  6.25145779e-01 -1.17601836e-01 -3.84921761e-01
  4.76565498e-01 -9.19398553e-01 -9.22614654e-01  9.74493061e-01
 -9.35686685e-01  3.75284868e-01 -4.41563556e-01 -7.91483205e-01
 -7.75742545e-01 -3.56954493e-01  7.46017301e-01  1.44987939e-01
  4.80461199e-01 -2.69153510e-01 -3.16693443e-01  1.53412814e-01
 -6.68328237e-01  8.36609503e-02 -4.18812571e-01  6.55124560e-01
 -1.85796645e-01 -8.22592943e-01 -9.81460992e-01  9.54893057e-01
  2.75022142e-01  8.41805508e-01 -8.80848260e-01 -4.50643569e-01
 -9.08601651e-01 -5.62290762e-01 -4.66430891e-01  5.08038711e-01
 -5.86534266e-01 -5.49209162e-01  3.61390941e-01 -2.32604071e-01
  3.74730858e-01  9.46119417e-01 -9.35976199e-01 -1.99171599e-01
  2.50608448e-02 -2.56371859e-01 -9.49665070e-01 -6.79878231e-01
  8.90622344e-01 -5.76762639e-01  6.14285739e-01  2.97040906e-01
 -3.02174822e-01 -3.39927741e-01  7.01736640e-01 -5.14909298e-01
 -4.51579270e-01 -1.43351168e-01 -6.67039299e-01  2.99687205e-01
 -7.10091430e-01 -6.96496006e-02  5.33525941e-01 -5.31696830e-01
 -5.93453576e-01 -2.04940757e-01  8.59314700e-01 -7.07393741e-01
  2.22564739e-01 -9.22292273e-01 -2.75115279e-02 -6.88188125e-01
 -3.03266626e-01  2.72110376e-01 -6.22016777e-01  8.97317498e-01
 -6.43687558e-01  2.66411663e-01  2.05191102e-01  3.71060660e-01
 -8.55821733e-01 -9.89354299e-01  4.07670875e-01 -2.96564710e-01
  3.19016910e-01 -1.73717261e-01 -8.67190467e-01  6.85829138e-01
  9.21474400e-01  6.27730577e-01  5.32158100e-01 -6.61527976e-01
 -8.45508512e-01 -3.13062587e-01  3.24273648e-01  6.95897695e-01
  3.78803142e-02  1.84947327e-01  2.99116040e-01 -7.86240318e-01
 -6.77575124e-01  6.26468187e-01  7.81302582e-01 -8.47279276e-01
  2.38384195e-01 -1.06554164e-01  8.79959404e-01 -3.22270087e-01
  4.58213643e-01  4.03936579e-01  1.04632750e-01  3.99504759e-01
  2.77389594e-01  6.99550677e-01 -3.12210279e-01 -4.71642871e-01
  4.28240763e-01 -7.98556266e-01 -9.87825015e-01  3.85169620e-01
 -9.56927831e-01 -1.48399471e-02  5.10342067e-01  8.30634580e-01
 -5.00550206e-01]"
0,2,82.0,92.64704041507838,28.79913197386616,38.94345236935182,"[ 0.23744951  0.2039225  -0.27662182 -0.20662807  0.09569203 -0.35656021
  0.08595968  0.22463102 -0.07527414 -0.35116081  0.19515906  0.19530008
 -0.44891107 -0.86846069  0.17314971  0.79100029 -0.01456825 -0.72335212
  1.01860015 -0.20901656  0.04110458  0.53204986 -1.03955745  0.16707486
 -0.26693022  0.03107221 -0.29244331  0.06136394 -0.16448053  0.21861136
 -0.03863471  0.11525094 -0.48475715 -0.07592967 -0.22982217 -0.30906788
  1.0231923  -0.36082672  0.24414627 -0.08399281 -0.13240511 -0.47481249
 -0.58891065  0.23786103  0.32154344  0.56012366 -0.02843071 -0.27455857
  0.6739493   0.14776176  0.05581888  0.07154367  0.33887789 -1.21695016
 -0.2038931  -0.48548887  0.82891795  0.17895395  0.59617145  0.09919751
 -0.20179028  0.52209614  0.36980564  0.13602179  0.08394561 -0.02607967
  0.21970401 -0.05245209  0.78292284 -0.72728315  0.20271342 -0.27525038
 -0.29732562 -0.36042622 -0.52193242  0.24473327 -0.35655854  0.30453382
 -0.42063284  0.3382288   0.61509509  0.4945153   0.00687651  0.04278392
 -0.29662378 -0.3177768   0.47066997  0.23835449  0.27171403  0.17352169
  0.42203539 -0.32034255  0.03999692  0.67740957  0.05445767 -0.03669353
  0.35088347  0.4324445   0.31897216 -0.15658886  0.21820043 -0.07468383
  0.212706    0.69090446 -0.13382261 -0.48842538  0.27396743  1.60242964
  0.54692291 -0.03080285  0.42037658 -0.53132988 -0.20792968  0.15529862
 -0.26884595 -0.00803697  0.78052471 -0.03117828  0.07550194 -0.15167998
 -0.76156071 -0.49809515  0.61030472  0.10482957  0.28311344 -0.28107002
  0.0689959  -0.28369588 -0.06110579  0.07954173  0.09261228 -0.40081613
  0.12489394  0.00370887 -0.47346156 -0.05266642  0.2576422   0.236082
  0.20966493  1.05499286 -0.02985598 -0.04296058 -0.15751989 -0.65489852
  0.68477689 -0.50717926 -0.43222551  1.24859816 -0.34390596  0.22258229
  0.18752039 -0.2150589  -0.48181301  0.16869541  0.33245414  0.52320687
  0.019985   -0.21358339  0.81579971  0.08011773  0.27888836  0.64972694
 -0.22896804  0.02023285 -0.2683297  -0.06542739 -0.04928124  0.16501912
  1.51564933  0.30677825 -0.75622875 -0.7674409  -0.12275851 -0.27427323
 -0.4930036  -0.00920409 -0.52334201 -0.21179353  0.19527707  0.68139834
 -0.38934703  0.51693293  0.38624754 -0.05503132  0.58907169  0.21201173
 -0.55959874  0.88381206 -0.08907374 -0.38301     0.5160296   0.15378888
 -0.05122281 -0.09419179  0.29568811 -0.04839989  0.15781645  0.56856629
 -1.28582886  0.28789114  0.30019793 -0.05468784  0.8727156   0.06882558
 -0.31667845  0.2462436   0.07700307 -0.22894122 -0.71537189 -0.48741938
 -0.49053179 -0.77471733 -0.34754327  0.39357181 -0.01749761  0.04148574
  0.01055294 -0.39736826 -0.09870369 -0.03399766  0.10210087 -0.38709452
  0.41988484  0.83360807  0.1757279  -0.11675738 -1.16627155  0.61516552
  0.63478494 -0.2928736   0.29939746 -0.19473242  0.02233971  0.02782548
 -0.39684371 -0.06310643  0.20577298  0.38795547  0.513753   -0.11980846
 -0.30757346 -0.69385787  0.2272052  -0.44910116  1.33092071 -0.09878954
  0.96123275 -0.38756884  0.37961375  0.13448006 -0.12734164 -0.98248176
  0.50233501  0.53314941  0.48210811 -0.19654811  0.15993178  0.05759653
  0.06217598  0.07495388  0.61226208  0.12942976 -0.34121584  0.29138043
 -0.26182375]"
0,3,82.0,92.64704041507838,48.1314889935689,38.468181267191476,"[ 0.23744951  0.2039225  -0.27662182 -0.20662807  0.09569203 -0.35656021
  0.08595968  0.22463102 -0.07527414 -0.35116081  0.19515906  0.19530008
 -0.44891107 -0.86846069  0.17314971  0.79100029 -0.01456825 -0.72335212
  1.01860015 -0.20901656  0.04110458  0.53204986 -1.03955745  0.16707486
 -0.26693022  0.03107221 -0.29244331  0.06136394 -0.16448053  0.21861136
 -0.03863471  0.11525094 -0.48475715 -0.07592967 -0.22982217 -0.30906788
  1.0231923  -0.36082672  0.24414627 -0.08399281 -0.13240511 -0.47481249
 -0.58891065  0.23786103  0.32154344  0.56012366 -0.02843071 -0.27455857
  0.6739493   0.14776176  0.05581888  0.07154367  0.33887789 -1.21695016
 -0.2038931  -0.48548887  0.82891795  0.17895395  0.59617145  0.09919751
 -0.20179028  0.52209614  0.36980564  0.13602179  0.08394561 -0.02607967
  0.21970401 -0.05245209  0.78292284 -0.72728315  0.20271342 -0.27525038
 -0.29732562 -0.36042622 -0.52193242  0.24473327 -0.35655854  0.30453382
 -0.42063284  0.3382288   0.61509509  0.4945153   0.00687651  0.04278392
 -0.29662378 -0.3177768   0.47066997  0.23835449  0.27171403  0.17352169
  0.42203539 -0.32034255  0.03999692  0.67740957  0.05445767 -0.03669353
  0.35088347  0.4324445   0.31897216 -0.15658886  0.21820043 -0.07468383
  0.212706    0.69090446 -0.13382261 -0.48842538  0.27396743  1.60242964
  0.54692291 -0.03080285  0.42037658 -0.53132988 -0.20792968  0.15529862
 -0.26884595 -0.00803697  0.78052471 -0.03117828  0.07550194 -0.15167998
 -0.76156071 -0.49809515  0.61030472  0.10482957  0.28311344 -0.28107002
  0.0689959  -0.28369588 -0.06110579  0.07954173  0.09261228 -0.40081613
  0.12489394  0.00370887 -0.47346156 -0.05266642  0.2576422   0.236082
  0.20966493  1.05499286 -0.02985598 -0.04296058 -0.15751989 -0.65489852
  0.68477689 -0.50717926 -0.43222551  1.24859816 -0.34390596  0.22258229
  0.18752039 -0.2150589  -0.48181301  0.16869541  0.33245414  0.52320687
  0.019985   -0.21358339  0.81579971  0.08011773  0.27888836  0.64972694
 -0.22896804  0.02023285 -0.2683297  -0.06542739 -0.04928124  0.16501912
  1.51564933  0.30677825 -0.75622875 -0.7674409  -0.12275851 -0.27427323
 -0.4930036  -0.00920409 -0.52334201 -0.21179353  0.19527707  0.68139834
 -0.38934703  0.51693293  0.38624754 -0.05503132  0.58907169  0.21201173
 -0.55959874  0.88381206 -0.08907374 -0.38301     0.5160296   0.15378888
 -0.05122281 -0.09419179  0.29568811 -0.04839989  0.15781645  0.56856629
 -1.28582886  0.28789114  0.30019793 -0.05468784  0.8727156   0.06882558
 -0.31667845  0.2462436   0.07700307 -0.22894122 -0.71537189 -0.48741938
 -0.49053179 -0.77471733 -0.34754327  0.39357181 -0.01749761  0.04148574
  0.01055294 -0.39736826 -0.09870369 -0.03399766  0.10210087 -0.38709452
  0.41988484  0.83360807  0.1757279  -0.11675738 -1.16627155  0.61516552
  0.63478494 -0.2928736   0.29939746 -0.19473242  0.02233971  0.02782548
 -0.39684371 -0.06310643  0.20577298  0.38795547  0.513753   -0.11980846
 -0.30757346 -0.69385787  0.2272052  -0.44910116  1.33092071 -0.09878954
  0.96123275 -0.38756884  0.37961375  0.13448006 -0.12734164 -0.98248176
  0.50233501  0.53314941  0.48210811 -0.19654811  0.15993178  0.05759653
  0.06217598  0.07495388  0.61226208  0.12942976 -0.34121584  0.29138043
 -0.26182375]"
0,4,82.0,92.69061166337202,49.72448427825404,37.9725750569444,"[-8.34918588e-01  3.03006023e-01 -3.44361405e-01 -7.71807301e-01
 -4.91125224e-02  1.67163622e-01 -3.67259056e-01  2.06368020e-01
 -4.43658830e-01 -5.75027584e-02 -2.23254227e-01  2.78260937e-01
 -1.71566497e-01  3.27711896e-01  2.45836029e-02 -4.25962021e-01
  6.41257031e-01 -1.32149511e-01 -3.23727828e-02  1.75457657e-01
 -1.02530870e-01  8.32339850e-02  5.74221718e-01 -5.26960320e-02
  1.36458455e-01 -3.44027096e-01 -3.19909779e-01  8.60492668e-01
  3.45741666e-01  3.89282251e-02  1.06409761e-02  1.92977514e-01
 -8.66676635e-02  2.00255314e-01 -2.20441371e-01 -3.08963811e-01
  7.34023976e-02 -9.87285396e-02  3.84743360e-02  1.01395795e-01
 -1.33891211e-01  3.19998540e-02 -8.89400497e-02  3.87229109e-01
 -4.61099595e-01  1.90267485e-01  1.65210987e-02 -7.59617966e-02
  1.62298109e-01 -5.54822773e-01 -1.23796057e-01 -3.23771809e-01
  1.19230351e+00 -3.83300972e-02  2.22556673e-02 -2.40851093e-01
  3.92635432e-01 -4.30736148e-01  4.66708461e-03 -6.20377845e-01
 -1.44720828e-01  4.84894501e-02  2.03407092e-02 -4.44279244e-03
  1.82552780e-01 -7.60373319e-01 -3.61176507e-01  2.98686259e-03
 -1.53842409e-01 -3.83839003e-01 -5.15558633e-03 -4.85694341e-01
  3.85026692e-01  2.22223820e-01 -8.21125111e-05 -7.08163319e-02
  1.10423241e-01  1.53590831e-01 -2.11020504e-01 -1.36755954e-02
 -7.37630711e-01  7.93858234e-02  4.27685043e-01 -6.26873775e-01
  3.29760348e-02  4.56328874e-01 -4.22426228e-02  1.02882955e-01
 -3.57955731e-01  2.58150751e-01 -8.93061582e-01 -5.31485322e-01
 -4.48193014e-01 -1.63601073e-01  1.71101376e-01 -1.34017827e+00
  1.80246943e-01  2.57764863e-01  7.76511562e-01  7.18684687e-02
  2.09945550e-01 -6.76265485e-01 -1.61867347e-01 -3.99313106e-01
  3.60926425e-01 -2.34023555e-02  1.42113310e-01  2.75298434e-01
  1.65563388e-01  4.35136348e-01  9.64621880e-03 -8.70892189e-01
  9.08257580e-02  7.90733174e-02  1.11889831e-01  9.50175406e-01
 -5.95830204e-02 -1.89415315e-01 -7.67860540e-03  5.89108903e-01
 -2.57808703e-01  1.58976705e-01 -4.18279124e-01  6.44291150e-01
 -5.51254693e-01  6.19679401e-01  1.73335946e-01 -2.83229203e-01
  4.09546780e-01  4.75758845e-03  1.31944860e+00 -2.41321724e-01
  1.03714981e-01  2.48228330e-02 -2.63493129e-01  2.09385382e-02
 -3.69127419e-01  1.06357355e-01  4.61641481e-03  3.43728460e-02
  4.37699906e-01 -3.13345682e-01  7.12929429e-01  1.43684148e-01
  2.72165250e-02 -3.96449977e-01 -2.26072569e-01 -6.24328018e-02
 -6.53137328e-01  5.10456024e-01  1.37246187e-01  1.01515672e-01
 -1.30669062e+00 -3.18182147e-01  3.89838965e-02 -2.51690134e-01
 -9.92508385e-02  1.25699541e-02 -3.61093365e-01  1.08616319e-01
 -7.79691762e-01  2.55277546e-01  2.01388191e-01 -2.16215496e-01
 -1.22682182e-02 -2.64190173e-01 -2.88642207e-01  9.30280276e-02
  6.72336027e-02 -8.06668571e-02 -1.30573656e-01 -6.08431636e-01
 -2.71582674e-01 -4.41079613e-01 -4.83792821e-01 -2.12609382e-01
 -3.85694342e-02 -1.70999753e-01 -1.15299099e-02  5.11315886e-02
  4.65968061e-01  3.50408488e-01 -2.00850847e-02  1.19274193e-01
 -7.05146595e-02  8.86473764e-04  7.67751720e-01 -3.54049406e-01
 -4.61999975e-01 -4.75420602e-01 -1.41195839e-01 -3.79538913e-01
 -3.61609953e-02 -5.40996922e-02 -2.78195214e-01  6.25078897e-01
 -1.54294795e-01 -4.22806090e-01 -2.13137611e-01 -1.58342014e-01
 -1.13167544e+00 -2.10530032e-01  6.99466306e-02 -1.09956777e+00
 -5.04507702e-01 -4.18110361e-01  1.30443008e-01 -1.44085224e+00
 -6.01144768e-02 -2.62053289e-01 -6.38693453e-01 -3.89854460e-01
 -4.13172679e-02  2.35204874e-01 -9.99577209e-02  3.21422587e-01
  5.71783870e-01  6.11079392e-01  2.24541204e-01 -1.22591006e-01
  5.09457192e-01 -5.08016108e-01  8.40516939e-01  7.18471127e-01
  2.51655389e-01 -4.76790675e-01 -8.67429711e-01  1.64958002e-02
  1.70774529e-01  1.75003194e-01  1.45184341e-01 -2.61917369e-01
 -1.77922120e-01 -2.02420918e-01  6.22104684e-01 -6.25616963e-01
  1.20158874e-01 -2.68068903e-01  1.57358980e-01 -4.33960425e-01
 -1.83093939e-01 -1.06207964e-01  3.82600289e-01 -2.23095608e-01
  3.13667650e-01 -2.49939978e-01  6.14762384e-01 -4.16288820e-01
 -2.86324895e-01  7.91965256e-01 -8.43684599e-03  6.68160691e-01
 -2.08246922e-02 -6.08788198e-02 -4.80438425e-01  6.31691325e-02
  1.11093824e+00  1.00329734e-01  1.10899279e-01 -2.77115968e-01
 -2.56712068e-02 -1.33176986e-01  8.68341920e-02  6.17557997e-01
 -8.44327376e-02]"
1,0,70.0,91.49061166337202,13.591142972825883,35.07408123523083,"[ 0.3726103   0.34425744 -0.13406091 -0.28626109  0.88079438 -0.79891014
  0.88242639 -0.38561631  0.03211639  0.87173214 -0.28999069  0.39473927
 -0.80027419 -0.26880595 -0.21872686 -0.84522249 -0.59665012 -0.52693404
 -0.43699957  0.04812954  0.12744378  0.7484761   0.82971514 -0.97902199
  0.99507051 -0.60604726  0.66169678  0.28957544 -0.82766116 -0.37304225
 -0.43842699  0.73649205  0.45802054  0.69374393  0.13723902 -0.4510457
  0.54172845 -0.09120627  0.84178778  0.34174393 -0.17073501  0.69631582
  0.46381662 -0.37097138  0.57781681 -0.19963266 -0.21870741 -0.96937891
 -0.62474699  0.62518508  0.28113921 -0.92036591 -0.06768126 -0.70523577
  0.74036864 -0.37350879  0.68678288  0.5865931  -0.08584337  0.16015022
  0.5533243   0.23275733 -0.79341431  0.13852614  0.78630648  0.59189432
 -0.92749466  0.81788818  0.23730643 -0.75010355 -0.07877066 -0.24770269
 -0.81554812  0.99042342 -0.24499295  0.18362452 -0.1900762  -0.07994104
  0.51554101  0.15398336 -0.76300605  0.45280829 -0.86125872  0.79883754
 -0.73564613 -0.64896643  0.85758254  0.67116282  0.94149375  0.68959572
  0.75638295  0.92123691 -0.02220229 -0.14517018  0.86837613 -0.90459994
 -0.25108009  0.40105104 -0.33832611  0.53331359 -0.79516411 -0.00853811
 -0.0879292   0.9634016  -0.96145568 -0.21080777  0.29773272 -0.4839339
  0.52687399  0.01149316  0.93959694  0.02061302 -0.15239188 -0.38969004
  0.31254865 -0.79267189  0.0690447  -0.84426559 -0.18930599  0.31827977
 -0.15707778 -0.19365484  0.71364032  0.35462488 -0.59997311 -0.32991383
 -0.16579015 -0.25806328 -0.29974597  0.63787787 -0.28028452  0.42298384
 -0.72305827  0.04595907 -0.47502681  0.73432928 -0.93598303 -0.72827121
  0.74171496  0.00705401  0.10414441 -0.66886687 -0.1598603   0.18559412
 -0.00437301 -0.24115522 -0.55711673  0.42761098  0.97049271 -0.77322844
  0.81602184 -0.09958436  0.91953827 -0.05157644  0.52232805 -0.96693134
  0.80533271 -0.25024799 -0.15600745  0.03789042  0.42239438 -0.129886
 -0.69062766  0.52191765  0.11420855 -0.50541803  0.43779634 -0.70447176
 -0.60547315 -0.84105026  0.11044169  0.34492544 -0.38292688  0.39828577
 -0.05300051 -0.42598645  0.78577612 -0.48683316 -0.73507005 -0.14649004
 -0.62591122 -0.84751706 -0.72659146  0.59776316 -0.06759892  0.20554687
  0.18068907  0.21019198 -0.36100569  0.96788199  0.91180846 -0.51489567
  0.21389246  0.54933586 -0.8642255   0.5403169   0.55106199 -0.4728638
  0.00960325 -0.70776838  0.48119796  0.85388147  0.4913124   0.33963468
  0.19832929 -0.96955815  0.39110695 -0.38282545 -0.94703368  0.86066946
  0.74452261 -0.60627114  0.73313204  0.92509295  0.21303557 -0.97296922
  0.9842138   0.73732756  0.71733346 -0.6866336  -0.72705641 -0.70335239
  0.45889948  0.54969918  0.38343267  0.90934106 -0.7097565   0.4466868
 -0.51473156 -0.65123326 -0.57189589  0.62692404  0.56579445 -0.02947714
 -0.15608685 -0.96131248 -0.88898169 -0.35882573  0.88061033 -0.07429999
  0.44981813  0.88122096  0.22693087 -0.57571975  0.41828192 -0.81642164
  0.47929378 -0.15560907  0.77560562  0.60417855  0.3415802  -0.03353577
 -0.46591606  0.77951307 -0.7134292   0.4836134  -0.32395702 -0.09711197
 -0.36808416  0.22129608  0.79928104  0.17171421 -0.93802688 -0.72820912
  0.74955563]"
1,1,70.0,91.49061166337202,27.293387639972774,39.044333433866306,"[-1.38684791e-01 -2.39767524e-01  5.98262670e-01  3.42194033e-01
  2.45508767e-01  1.81490775e-02 -3.44341602e-02  3.51727156e-01
  5.50605380e-01 -6.19310799e-01  3.65690601e-01  7.96129498e-01
  5.30333431e-01  8.32012224e-01 -3.25990180e-02  1.56349495e-01
 -4.45268727e-02 -1.65302602e-01  9.35592878e-01  5.08029024e-01
 -8.02044174e-02  5.44666816e-01 -2.06830143e-01 -6.09416852e-01
  5.48399446e-01 -6.93393267e-01  8.17468189e-01 -2.81262757e-01
  3.44096849e-01 -6.70773820e-01 -8.47541449e-02 -9.32960929e-01
  9.61904332e-01 -4.26815150e-01 -9.90853033e-01 -3.38094002e-01
 -9.42832865e-01  9.15214357e-01 -8.93001940e-01  3.43828481e-01
  5.56675138e-01  3.97266471e-01 -7.59172006e-01  4.90528142e-01
 -9.17708676e-01  3.97428683e-02  7.83881618e-01  6.85429436e-01
 -6.57834632e-01  5.82921908e-02  7.83900226e-01  1.59671107e-01
 -5.00164087e-01  5.10343447e-01  8.71004040e-01  3.56221749e-01
 -1.14199446e-01  3.69740858e-01 -1.22247208e-02 -6.94296897e-01
  7.91982850e-01  6.10749100e-01  5.69397679e-02  5.89762715e-01
  6.16178371e-01 -8.72117685e-01 -4.91758766e-01 -2.43712064e-01
  8.84048699e-01  8.45072642e-01 -2.58180639e-01 -5.66558945e-01
  9.94798118e-01  3.14668044e-01 -2.67736605e-01 -1.63039451e-01
  8.82527473e-01  5.47492395e-01  3.34158612e-01 -1.38924588e-01
  4.67449603e-01 -9.94796673e-02  1.25722828e-01 -9.71794876e-01
  3.89315027e-01 -2.46121929e-01 -8.17313445e-01 -2.74761350e-01
 -5.47471491e-01 -8.35568647e-01 -6.23859450e-01  4.62064022e-02
  9.03228571e-01  9.11778795e-01  3.64157725e-01 -1.55189214e-01
  2.30343409e-01 -1.70783972e-01 -5.98436379e-01  8.16716550e-01
 -8.07646181e-01  8.41131467e-01  3.67570264e-03  1.07505934e-01
  8.45524282e-01 -8.53736707e-01 -7.71653989e-01  1.77084542e-01
  8.50072454e-01 -5.43227617e-01  1.69714056e-01 -4.08895718e-02
 -7.00643004e-01  9.77678861e-01  6.87764605e-01 -9.57567332e-01
 -5.57136183e-01 -4.64745066e-01  4.63729208e-01  7.58376972e-01
  9.20885520e-01 -9.92056938e-01  3.30744505e-01  2.69601640e-01
 -7.81156997e-01 -6.47784340e-01  5.85163985e-01  3.21185008e-01
 -4.53568513e-01 -3.60499341e-01 -3.08058976e-01 -7.76943296e-01
 -8.85200503e-02 -1.27690111e-01  9.82584330e-01 -7.01702507e-02
 -7.84344241e-01 -4.84308251e-01  1.10564772e-01  8.98921970e-01
  5.59991789e-01 -6.99535342e-01  6.98484380e-02  2.83205502e-01
 -5.62471815e-01 -5.77984225e-02  6.75014879e-01 -2.72019816e-01
 -4.80273156e-01 -4.67317002e-01 -4.41781171e-01  5.23251918e-01
 -6.89019612e-02  9.32024667e-01  6.80758797e-01 -7.65973794e-01
  1.11451198e-01  8.37475290e-02 -4.10899895e-01  7.48663483e-01
  4.67685407e-01 -2.71018787e-01 -7.69779383e-01  6.14384872e-01
 -8.20314607e-01  1.98653739e-01  3.90467802e-01  7.21449572e-01
  4.94629145e-01  6.92588114e-02 -3.10976883e-01 -9.89032139e-01
 -7.65541519e-01 -5.08093748e-01 -1.06666076e-01 -7.33956487e-01
 -7.28966086e-01 -1.81867647e-01 -3.50551789e-01 -8.97263611e-01
  2.15209387e-01  4.11298407e-01  1.10016916e-01 -6.83670185e-01
  4.44882195e-01 -2.37982090e-01  4.29082286e-01  5.18627052e-01
 -6.78683544e-01 -6.83013484e-01 -8.12415987e-01 -1.94362073e-01
 -9.14614399e-01 -3.57041580e-01 -6.21204379e-01  4.56499678e-01
 -1.21763492e-01 -2.32341381e-01  2.42584716e-01 -6.94394425e-01
  4.71924274e-01 -6.53455030e-01 -6.44611718e-01  1.12271005e-01
  4.47774747e-01 -2.38729190e-01  6.24380809e-01  4.17999816e-01
 -3.74784533e-02  4.61158598e-01 -4.96737930e-01 -7.49613206e-01
  3.02017255e-01  8.60355226e-01 -6.47553585e-01 -5.18311085e-01
 -8.16295815e-01  5.18002634e-01  9.50610112e-01  7.67638204e-01
  5.29741448e-01 -8.33489912e-02 -2.16444544e-01  7.66833374e-01
 -1.52800468e-01 -6.84874250e-01 -6.58962953e-02 -5.11327280e-01
 -7.71746088e-01  3.16115389e-01 -7.20287615e-01  3.66744848e-01
  1.64740184e-01 -3.60895908e-01 -8.93132442e-01  4.58875868e-01
 -3.05624069e-01  9.51940204e-01 -6.50423465e-01  6.29511229e-01
 -5.62522722e-02 -4.82813755e-02 -7.88094069e-01 -7.75983022e-01
 -2.57038400e-01  1.21659166e-01  8.88919533e-01 -6.18258408e-01
  3.42877649e-01  7.35876070e-01 -6.61586833e-01 -4.04281754e-01
 -8.52631526e-01 -3.15375770e-02  2.39256681e-04 -4.90918692e-01
  6.74938271e-01  8.78496595e-01  5.95685870e-01  9.02501218e-01
  6.65781602e-01 -9.28259080e-01 -2.51551590e-01  7.27390746e-01
  6.48623344e-01]"
1,2,70.0,91.79051384715858,39.3062866369567,40.92403185878767,"[-0.43232167 -0.3402311  -0.33804705 -1.03435953  0.90555505 -0.5463638
  0.16877378 -0.61256694 -0.52293081  0.67340066 -0.33217456  0.31302329
 -0.21274533  0.21624706  0.01583197 -0.47338124 -0.15879775 -0.14732574
 -0.17470518 -0.21561289  0.14438085 -0.16371147  0.20020594 -0.78032892
  0.71955589 -0.42575867  0.57603163  0.14793205 -0.24585439 -0.17145886
  0.03877181  0.10706437  0.16040611  1.10700285 -1.02350249  0.59344094
  0.03080857  0.06845332  0.7100808  -0.06361859  0.05682158  0.59026409
  0.65477528 -0.45975609  0.17701585 -0.1114352  -0.12248937 -0.34012768
 -0.20895182  0.89624758  0.17432039 -0.89812567 -0.18032906 -0.44280973
 -0.0185034  -0.53873082  0.88860375  0.52781575  0.48631737 -0.0803391
  0.37375062 -0.03350476 -0.57076062  0.77138366 -0.15429237 -0.14790469
 -0.30716679  0.53897775  0.24918737 -0.65967187  0.34736613 -0.02274642
 -0.6326647   0.53173319 -0.19450574 -0.74823155 -0.20436913  0.1139296
  0.24136742  0.25292819 -0.484525    0.39142826  0.12541123  0.20051511
 -0.63367256 -0.23628995  1.11395715  0.5412028   0.74759236  0.44375055
  0.30293839  0.23686746 -0.26657043 -0.87797063 -0.10731604 -0.19808024
 -0.1782621   1.24765536 -0.06117776  0.22490431 -0.62978803  0.05463969
 -1.0621095  -0.2984719  -0.48800196 -0.0524524   0.19789375 -0.64435801
  0.28970573  0.75224326  0.20673466 -0.25604383  0.33814021  0.45107769
 -0.2831929  -0.70213919  0.22179406 -0.59462771  0.14350082  0.21327369
 -0.44033703 -0.27726562  0.75368805 -0.07871244 -0.42156887 -0.61223215
  0.05042528 -0.01728181 -0.44394853  0.40387619 -0.40331711  0.54919507
 -1.20498927 -0.04747557 -0.5541507   0.16179662 -0.58443346 -0.38371437
  0.24763241 -0.09946673 -0.83004305 -0.2453589  -0.37487713  0.30517429
 -0.3407551  -0.22957171 -0.36229473  0.08355702  0.86480822 -0.12141411
 -0.06362908 -0.10847491  0.68824565 -0.46490655  0.21449981 -0.43174189
  0.42522034 -0.87216232  0.33647149  0.41526656 -0.03353323 -0.11797779
 -0.4262828   0.43312245  0.83202184 -0.28027933  0.09345482 -0.64606468
 -0.35831248 -0.37321923  0.83770153  0.04211982  0.33614751 -0.44436395
  0.1526641   0.48274456  0.1697661   0.00171751  0.01732223 -0.24082325
  0.04387185 -0.40948984 -0.16106766  0.16350407  0.44190186  0.09585496
  0.2070327   0.05840696 -0.2569053   0.1240111   0.60488559  0.85007051
  0.04672465 -0.10555687  0.29223781 -0.40840018  0.56316806 -0.36143091
  0.32148404 -0.3848895   0.56628599  0.32507672  0.9585559   0.32515447
  0.41783942 -0.94713614 -0.10317851 -0.19271048 -0.72460913  0.47873311
  0.46158674 -0.36398356 -0.05632825  0.71847435  0.06902155 -0.48097566
  0.47555618  0.38576058  0.33323157 -0.31649982 -0.53092345 -0.10444479
  0.5276826  -0.10830983  0.44065621  0.2237236  -0.56695802  0.20561262
 -0.10826114 -0.67000645 -0.63140873  0.06273849  0.2087532  -0.96934049
 -0.34941207 -0.57575497 -0.10936096 -0.01733537 -0.49144415  0.08706857
  0.32377103  0.06535073  0.17518786 -0.07270933  0.00321183 -0.57647792
  0.40283086 -0.15936429  0.18517578  0.50593171  0.24734562  1.09476857
 -0.31145436  0.51776619 -0.34708908  0.45213753 -0.10890958  0.00550148
  0.31861679  0.16842266  0.50486966  0.18560671 -1.20833521  0.84388884
  0.51991857]"
1,3,70.0,91.79051384715858,54.30090488196658,35.60847443989908,"[-0.43232167 -0.3402311  -0.33804705 -1.03435953  0.90555505 -0.5463638
  0.16877378 -0.61256694 -0.52293081  0.67340066 -0.33217456  0.31302329
 -0.21274533  0.21624706  0.01583197 -0.47338124 -0.15879775 -0.14732574
 -0.17470518 -0.21561289  0.14438085 -0.16371147  0.20020594 -0.78032892
  0.71955589 -0.42575867  0.57603163  0.14793205 -0.24585439 -0.17145886
  0.03877181  0.10706437  0.16040611  1.10700285 -1.02350249  0.59344094
  0.03080857  0.06845332  0.7100808  -0.06361859  0.05682158  0.59026409
  0.65477528 -0.45975609  0.17701585 -0.1114352  -0.12248937 -0.34012768
 -0.20895182  0.89624758  0.17432039 -0.89812567 -0.18032906 -0.44280973
 -0.0185034  -0.53873082  0.88860375  0.52781575  0.48631737 -0.0803391
  0.37375062 -0.03350476 -0.57076062  0.77138366 -0.15429237 -0.14790469
 -0.30716679  0.53897775  0.24918737 -0.65967187  0.34736613 -0.02274642
 -0.6326647   0.53173319 -0.19450574 -0.74823155 -0.20436913  0.1139296
  0.24136742  0.25292819 -0.484525    0.39142826  0.12541123  0.20051511
 -0.63367256 -0.23628995  1.11395715  0.5412028   0.74759236  0.44375055
  0.30293839  0.23686746 -0.26657043 -0.87797063 -0.10731604 -0.19808024
 -0.1782621   1.24765536 -0.06117776  0.22490431 -0.62978803  0.05463969
 -1.0621095  -0.2984719  -0.48800196 -0.0524524   0.19789375 -0.64435801
  0.28970573  0.75224326  0.20673466 -0.25604383  0.33814021  0.45107769
 -0.2831929  -0.70213919  0.22179406 -0.59462771  0.14350082  0.21327369
 -0.44033703 -0.27726562  0.75368805 -0.07871244 -0.42156887 -0.61223215
  0.05042528 -0.01728181 -0.44394853  0.40387619 -0.40331711  0.54919507
 -1.20498927 -0.04747557 -0.5541507   0.16179662 -0.58443346 -0.38371437
  0.24763241 -0.09946673 -0.83004305 -0.2453589  -0.37487713  0.30517429
 -0.3407551  -0.22957171 -0.36229473  0.08355702  0.86480822 -0.12141411
 -0.06362908 -0.10847491  0.68824565 -0.46490655  0.21449981 -0.43174189
  0.42522034 -0.87216232  0.33647149  0.41526656 -0.03353323 -0.11797779
 -0.4262828   0.43312245  0.83202184 -0.28027933  0.09345482 -0.64606468
 -0.35831248 -0.37321923  0.83770153  0.04211982  0.33614751 -0.44436395
  0.1526641   0.48274456  0.1697661   0.00171751  0.01732223 -0.24082325
  0.04387185 -0.40948984 -0.16106766  0.16350407  0.44190186  0.09585496
  0.2070327   0.05840696 -0.2569053   0.1240111   0.60488559  0.85007051
  0.04672465 -0.10555687  0.29223781 -0.40840018  0.56316806 -0.36143091
  0.32148404 -0.3848895   0.56628599  0.32507672  0.9585559   0.32515447
  0.41783942 -0.94713614 -0.10317851 -0.19271048 -0.72460913  0.47873311
  0.46158674 -0.36398356 -0.05632825  0.71847435  0.06902155 -0.48097566
  0.47555618  0.38576058  0.33323157 -0.31649982 -0.53092345 -0.10444479
  0.5276826  -0.10830983  0.44065621  0.2237236  -0.56695802  0.20561262
 -0.10826114 -0.67000645 -0.63140873  0.06273849  0.2087532  -0.96934049
 -0.34941207 -0.57575497 -0.10936096 -0.01733537 -0.49144415  0.08706857
  0.32377103  0.06535073  0.17518786 -0.07270933  0.00321183 -0.57647792
  0.40283086 -0.15936429  0.18517578  0.50593171  0.24734562  1.09476857
 -0.31145436  0.51776619 -0.34708908  0.45213753 -0.10890958  0.00550148
  0.31861679  0.16842266  0.50486966  0.18560671 -1.20833521  0.84388884
  0.51991857]"
1,4,82.0,92.69061166337202,68.08067911390717,31.106340745743978,"[-1.65030630e-01 -2.12351840e-01  2.97912497e-01 -1.03682077e+00
  5.11641428e-02 -3.95126201e-01  4.43956446e-02 -2.02213014e-01
 -1.77541254e-01 -3.30794188e-01 -5.75245744e-01 -2.84932516e-01
 -1.23098887e-01 -2.05724578e-02 -5.63751294e-01 -5.71267658e-01
 -3.94422022e-01  1.13115563e+00  1.50052609e-01 -6.14717040e-01
  4.99465629e-01  1.88954536e-01 -4.97252749e-02 -3.30801463e-01
  1.90065908e-01 -1.76579710e-01 -1.36657994e-01 -3.07673437e-01
 -3.60001584e-01 -2.65263833e-01 -4.81483861e-01 -2.32930006e-01
 -1.77879742e-01  4.85067164e-01 -1.28316696e-01 -3.94969988e-01
  2.66971723e-01  1.12718297e-02 -1.88122191e-01 -1.57774918e-01
 -4.09647659e-01  9.36768053e-01  3.86910286e-01 -1.26224144e-01
 -2.52566488e-01  9.46759316e-02 -2.72671531e-01  3.46893990e-01
  3.33917520e-01 -6.66566183e-01  2.28608897e-02  9.24228135e-01
 -9.45907264e-02 -2.69990108e-02 -1.48382402e-01 -1.05552838e-02
 -3.67535381e-01 -2.86964552e-01 -7.71350930e-01 -6.43583081e-01
  2.90023560e-02  1.01652324e-01  1.88832452e-01  1.79003475e-02
  6.82581579e-01 -4.71505724e-01 -6.78780061e-02 -3.64050222e-01
  5.09527708e-01 -2.36271092e-01 -8.30128409e-01  2.97982329e-01
  9.10768498e-01 -2.09287911e-01 -6.61092362e-01  3.16291966e-01
 -1.41426498e-01  2.94890053e-01 -8.38989650e-02 -2.78799334e-03
 -3.32921873e-01 -2.58556956e-01  3.83277850e-01  1.36032244e-01
  4.62484326e-01  5.08009240e-01 -7.70222966e-02 -1.47896817e-01
  6.66497076e-01 -9.17115991e-01  1.69491183e-02  2.66893636e-01
 -3.72824622e-01  6.05082813e-01 -7.00461536e-01  9.58065491e-02
 -9.58683148e-01 -1.35441228e-01 -4.79774908e-01 -1.73336903e-01
  1.55558122e-02  4.22604251e-01  3.53917646e-01  5.06086797e-03
 -2.89071356e-01  2.95692984e-02 -1.61554334e-01 -1.68682531e-01
 -4.10985694e-01 -6.73642078e-03  3.07121040e-01  1.75443066e-01
 -1.35541304e-01 -2.41025966e-01 -3.91738306e-01 -3.17695586e-01
 -2.63563866e-02 -4.53710899e-01 -7.70080085e-01 -1.36399708e-01
 -4.55728203e-02  1.14501282e-01  6.31247541e-01  3.02092670e-01
 -8.39097659e-01  1.00482747e-01  1.22726890e-01  1.28062964e-03
 -1.68048318e-01 -2.12701716e-01 -1.30933089e-01 -2.45167565e-01
  4.29715693e-02  8.83998386e-03  8.50128076e-02  3.81479695e-02
 -4.27131882e-03  2.68515042e-01  7.74981800e-02  4.34694741e-01
  8.20705040e-02 -2.77402416e-01  8.95971517e-02 -2.40376409e-01
  2.00642919e-01 -1.02697180e-02  1.18767440e-01 -8.65062102e-01
 -5.87053622e-03 -2.13380449e-01 -2.67180662e-01 -3.00782671e-01
  6.73289068e-02 -2.50972491e-02 -2.20225387e-01  7.38418696e-01
  5.87822584e-01 -6.01159127e-02  4.00576972e-02 -6.45188504e-02
 -1.45752092e-01 -3.83202675e-01  2.76877807e-01  2.22149752e-01
  8.86005944e-01 -4.85135167e-01 -3.37568715e-01 -1.39632473e-01
  4.37451954e-01 -1.67091283e-01  3.55407220e-02  2.95789273e-01
 -1.94481669e-01  3.23180150e-01 -1.16252884e-01  5.17104544e-01
 -1.24412558e-01  3.15090591e-01 -2.59059485e-01  9.10164608e-02
  1.97483103e-01 -4.70554568e-01 -3.35050720e-01 -7.38270170e-02
 -2.52976150e-01 -2.03009879e-01  2.96241680e-01 -2.03066901e-01
 -1.14176905e+00  2.10826075e-01  2.98174888e-01  1.06789297e-01
 -1.01427662e-01  1.56371487e-01 -4.60737610e-01 -2.80271976e-01
 -5.80100135e-02  1.01258853e-03 -1.24880310e-01 -9.54223855e-01
  2.60283826e-01 -3.74637507e-02  6.75252677e-02 -2.69899216e-01
  3.54831268e-01  3.13588937e-01  5.45439844e-02 -2.97842338e-01
  4.69111310e-02  1.11679420e+00 -7.71382383e-01 -7.05746799e-01
  4.53664399e-02  2.83100339e-01  3.96788068e-01 -1.49846162e+00
 -7.28931837e-01  2.95731461e-01  2.80022109e-01 -1.69975529e-01
  3.87556484e-01  2.54295976e-01 -8.60929081e-02  3.02274661e-01
 -2.60330650e-01 -1.02940554e-01 -8.34154760e-02 -1.35751894e-02
  1.22443474e+00 -9.68918327e-02 -4.36929769e-01 -4.99411936e-02
 -5.07171822e-01 -1.87092379e-01  1.64693252e-01 -2.16100460e-01
  8.52650040e-02  1.61447194e-01  4.85769795e-01 -9.70050691e-02
  2.66074072e-01 -4.37796344e-02 -7.02798280e-02 -3.00467840e-02
  7.24530520e-01 -2.18109156e-01  2.97754725e-02  7.54385250e-01
 -4.70669441e-01  1.52534918e-01 -7.33235763e-01 -6.78547390e-01
 -3.91621646e-01 -9.08490398e-02 -3.25635079e-02 -7.67027883e-01
  5.24261617e-01  1.48679049e-01  5.66040153e-03  3.21875442e-01
 -8.16200333e-03  5.41056938e-02  2.13142494e-01  6.01732476e-01
 -2.90110123e-01]"
2,0,70.0,91.49061166337202,7.283560385542715,26.623857305770088,"[ 0.44403541 -0.15615819  0.63660947  0.62718528 -0.07245255  0.7564423
 -0.30605416 -0.09274706  0.24318189 -0.71494339 -0.79681884 -0.6305597
  0.77247813 -0.14972292 -0.82117029  0.3105731   0.27411063 -0.20084557
 -0.2862822  -0.48363906  0.35914973  0.68396026  0.49675922 -0.58754316
  0.2566049   0.11047424  0.73743537  0.79188588  0.12644385  0.73459548
  0.43029068  0.96604807 -0.30699459 -0.85460151 -0.42046823 -0.35740841
 -0.18602161 -0.29216847  0.67689935  0.35024626 -0.93635437  0.87142338
 -0.54119306  0.05486008 -0.20812411  0.06909904  0.70522005  0.0264673
  0.08525078  0.9248114  -0.98957407 -0.84255502  0.71805391 -0.20485875
  0.26547113 -0.78040682 -0.20162843 -0.39723123  0.5853738  -0.68885725
  0.38618621  0.6462372   0.06172376  0.63754973  0.72528706  0.7328634
  0.85855061  0.30726277 -0.25602394 -0.79533993  0.66609902  0.42934544
  0.90640897 -0.57877838 -0.24312844  0.67478265 -0.40878164  0.69299622
  0.85875846 -0.00831486 -0.46523384 -0.3388225   0.96470878 -0.52990544
  0.47665946 -0.94233793 -0.01869532  0.97968632  0.07299877  0.62849675
 -0.47394369  0.70232844  0.87860962  0.32812047  0.33639689 -0.63433748
 -0.94310009 -0.88040881  0.91396463  0.362424    0.85941482 -0.27669051
  0.40306927 -0.5268825   0.9442058   0.95108246 -0.07971941  0.14980139
  0.43383671 -0.66526306 -0.72545328 -0.6559677   0.38229128 -0.14349586
 -0.80224238 -0.86565725  0.10510281 -0.4575793   0.7016733   0.34792661
 -0.7637407  -0.90992719  0.58857951 -0.68341263 -0.19877673  0.23716635
 -0.89967005  0.43151942 -0.44334782  0.30987087  0.13229253 -0.29785432
 -0.37824703 -0.71526523  0.27216907  0.42820559 -0.6639449  -0.11692911
  0.07225683 -0.12047583 -0.8880319   0.98378702  0.5672829  -0.17361034
 -0.71013225 -0.62684227  0.55188792  0.5238129  -0.71137562  0.2702628
  0.61859624  0.40200367  0.99401528 -0.68786192  0.41704262  0.8158638
 -0.37920315 -0.48378077  0.13976515  0.61187734  0.64800782 -0.30745306
 -0.61310335  0.8985992   0.72484077  0.24447163  0.8657589   0.87024541
  0.31054368  0.78973609  0.51712797  0.50775016 -0.95853378 -0.36477371
  0.40746701 -0.45965193  0.19412967 -0.71708326 -0.2220361   0.74259761
  0.83188776 -0.1815632  -0.11528071  0.51315069  0.37787977  0.17678573
  0.45283817 -0.9185099  -0.3063266  -0.45492045  0.11594791  0.0655118
  0.35650405 -0.5419697   0.76023182 -0.29983989  0.75514417 -0.77592334
  0.79736263 -0.52568607 -0.77873991  0.45972511 -0.42417169  0.92594305
  0.08525619 -0.30774194 -0.80089857 -0.52132384  0.7201927  -0.90296843
 -0.4399245  -0.04603956  0.51261734 -0.79834705 -0.8013661   0.65362581
 -0.39644947 -0.53070722  0.34087954  0.49067505  0.23498804  0.52487807
 -0.83383434  0.92059412  0.56933508  0.26022041 -0.74510128 -0.32690421
 -0.81903768  0.09126734  0.03369715  0.05447516 -0.80640706  0.24484888
  0.17297817 -0.32527235 -0.17509254  0.88975093  0.88959278 -0.74244862
 -0.58113625  0.03839107  0.16727648 -0.19152295 -0.41503921  0.04047107
  0.16156874 -0.27281762  0.30107656 -0.16736514 -0.35888271 -0.11845914
 -0.20132131  0.96763649  0.39257634  0.02178182 -0.38232616  0.63437329
  0.1648558   0.92703719  0.25305275 -0.08606674  0.56479594  0.14403466
  0.22382158]"
2,1,70.0,91.49061166337202,20.258246787492087,36.54086023179677,"[ 0.44403541 -0.15615819  0.63660947  0.62718528 -0.07245255  0.7564423
 -0.30605416 -0.09274706  0.24318189 -0.71494339 -0.79681884 -0.6305597
  0.77247813 -0.14972292 -0.82117029  0.3105731   0.27411063 -0.20084557
 -0.2862822  -0.48363906  0.35914973  0.68396026  0.49675922 -0.58754316
  0.2566049   0.11047424  0.73743537  0.79188588  0.12644385  0.73459548
  0.43029068  0.96604807 -0.30699459 -0.85460151 -0.42046823 -0.35740841
 -0.18602161 -0.29216847  0.67689935  0.35024626 -0.93635437  0.87142338
 -0.54119306  0.05486008 -0.20812411  0.06909904  0.70522005  0.0264673
  0.08525078  0.9248114  -0.98957407 -0.84255502  0.71805391 -0.20485875
  0.26547113 -0.78040682 -0.20162843 -0.39723123  0.5853738  -0.68885725
  0.38618621  0.6462372   0.06172376  0.63754973  0.72528706  0.7328634
  0.85855061  0.30726277 -0.25602394 -0.79533993  0.66609902  0.42934544
  0.90640897 -0.57877838 -0.24312844  0.67478265 -0.40878164  0.69299622
  0.85875846 -0.00831486 -0.46523384 -0.3388225   0.96470878 -0.52990544
  0.47665946 -0.94233793 -0.01869532  0.97968632  0.07299877  0.62849675
 -0.47394369  0.70232844  0.87860962  0.32812047  0.33639689 -0.63433748
 -0.94310009 -0.88040881  0.91396463  0.362424    0.85941482 -0.27669051
  0.40306927 -0.5268825   0.9442058   0.95108246 -0.07971941  0.14980139
  0.43383671 -0.66526306 -0.72545328 -0.6559677   0.38229128 -0.14349586
 -0.80224238 -0.86565725  0.10510281 -0.4575793   0.7016733   0.34792661
 -0.7637407  -0.90992719  0.58857951 -0.68341263 -0.19877673  0.23716635
 -0.89967005  0.43151942 -0.44334782  0.30987087  0.13229253 -0.29785432
 -0.37824703 -0.71526523  0.27216907  0.42820559 -0.6639449  -0.11692911
  0.07225683 -0.12047583 -0.8880319   0.98378702  0.5672829  -0.17361034
 -0.71013225 -0.62684227  0.55188792  0.5238129  -0.71137562  0.2702628
  0.61859624  0.40200367  0.99401528 -0.68786192  0.41704262  0.8158638
 -0.37920315 -0.48378077  0.13976515  0.61187734  0.64800782 -0.30745306
 -0.61310335  0.8985992   0.72484077  0.24447163  0.8657589   0.87024541
  0.31054368  0.78973609  0.51712797  0.50775016 -0.95853378 -0.36477371
  0.40746701 -0.45965193  0.19412967 -0.71708326 -0.2220361   0.74259761
  0.83188776 -0.1815632  -0.11528071  0.51315069  0.37787977  0.17678573
  0.45283817 -0.9185099  -0.3063266  -0.45492045  0.11594791  0.0655118
  0.35650405 -0.5419697   0.76023182 -0.29983989  0.75514417 -0.77592334
  0.79736263 -0.52568607 -0.77873991  0.45972511 -0.42417169  0.92594305
  0.08525619 -0.30774194 -0.80089857 -0.52132384  0.7201927  -0.90296843
 -0.4399245  -0.04603956  0.51261734 -0.79834705 -0.8013661   0.65362581
 -0.39644947 -0.53070722  0.34087954  0.49067505  0.23498804  0.52487807
 -0.83383434  0.92059412  0.56933508  0.26022041 -0.74510128 -0.32690421
 -0.81903768  0.09126734  0.03369715  0.05447516 -0.80640706  0.24484888
  0.17297817 -0.32527235 -0.17509254  0.88975093  0.88959278 -0.74244862
 -0.58113625  0.03839107  0.16727648 -0.19152295 -0.41503921  0.04047107
  0.16156874 -0.27281762  0.30107656 -0.16736514 -0.35888271 -0.11845914
 -0.20132131  0.96763649  0.39257634  0.02178182 -0.38232616  0.63437329
  0.1648558   0.92703719  0.25305275 -0.08606674  0.56479594  0.14403466
  0.22382158]"
2,2,80.0,93.00278772623588,35.778840321715485,39.98096191512537,"[ 6.49140375e-01  4.22947762e-01  2.36727874e-01 -2.21924466e-01
 -1.18212966e+00 -1.39256801e+00 -5.06118119e-01  8.60695833e-01
 -2.84670754e-02 -3.49165911e-01 -4.35730134e-01  1.86013949e-01
 -3.19585245e-01  1.24781360e-01  1.53515067e-01 -1.64798165e-01
 -2.71450364e-01  2.81344090e-01  2.24900486e-01 -1.95338707e-01
 -5.99716016e-02 -4.86590008e-01 -1.16548630e-01  3.09491908e-02
  4.01891768e-02  1.87726896e-01 -3.50323449e-01 -1.61079344e-01
 -3.47337677e-01 -1.58020319e-01 -4.05851966e-02  8.68871678e-01
 -4.70507737e-01 -6.03511570e-01 -1.43566323e-01  2.31816528e-01
 -6.39166097e-01  9.53707353e-01  3.99340515e-01 -2.53108086e-01
 -4.85524285e-01 -2.01333944e-01  1.32187550e-01 -3.41253901e-01
 -3.47334291e-01  2.87092728e-01 -2.31572187e-01  5.43887540e-01
 -2.93145725e-01  1.03042442e-01  1.54608295e-02 -6.55974143e-01
  7.35369028e-01  4.75465898e-01  9.06487128e-02  1.79902045e-01
 -2.96490168e-02  6.71120436e-01  2.88384029e-01 -2.39392501e-01
 -4.53305227e-01 -5.55287387e-01  2.08784508e-01  2.88364069e-01
 -6.60412300e-01  3.89379358e-01 -1.17754120e-01  2.49979754e-01
 -1.90761859e-01  6.27341843e-02 -1.23404806e-01  7.61116452e-02
 -1.74578874e-01 -4.68323115e-01  5.51196862e-01 -3.05315824e-01
 -5.51962356e-01 -2.38539887e-01 -3.11073708e-02 -1.99406884e-01
 -5.66013023e-01 -1.54933651e-01  2.90634761e-01  1.10969133e-01
 -7.14084919e-01 -6.52106565e-01  2.21551457e-01  4.74305902e-01
  2.13445249e-01  1.65968915e-02  4.87481388e-01  8.06101358e-01
  1.53308792e-01 -6.36701285e-01 -9.28172098e-01  8.13773350e-01
 -6.10595459e-02  3.24748808e-01 -6.94500162e-02 -1.36501220e-01
 -1.31155241e-01 -2.72979813e-01  5.50568675e-01  6.53010110e-01
  4.55272343e-01 -8.31063731e-01  5.37871824e-01  2.04973588e-02
  2.64486795e-01 -2.69672847e-01  8.46618837e-02 -1.30277800e-01
 -4.86875551e-01  6.70769330e-02 -4.01227075e-01  5.82571878e-01
  8.94102013e-01  9.17891485e-01 -7.25858631e-01 -3.60046978e-01
 -7.38866738e-01  2.38843176e-01  3.80539731e-01 -4.94770391e-01
  2.25415318e-02 -4.90253625e-03 -5.43654604e-01  1.33266854e-01
 -1.17153252e-02 -7.12234378e-01 -6.59544822e-02 -1.62428726e-01
 -2.15058008e-01 -1.13980509e-01 -8.65869343e-02  2.21611782e-01
  6.35318507e-01  6.00944883e-02  8.51247909e-01 -5.15279586e-01
 -1.09021114e-03 -9.37357896e-01 -9.32052781e-02  4.67087131e-01
 -4.56532975e-01  3.47416512e-02  3.13705505e-01 -2.15439974e-03
 -2.54631254e-01 -7.47902934e-02  3.02600277e-01  2.96911887e-01
 -5.04512368e-01  1.77322907e-01 -7.74046643e-02 -4.00181983e-01
  1.86603585e-01 -5.00547568e-03 -6.93097628e-03 -6.01537312e-02
  4.52442972e-01 -8.76661603e-02  4.68552757e-01 -4.52613042e-01
  5.88835169e-01 -2.92604373e-01  3.98299580e-01 -5.45960681e-01
 -2.33232849e-01  2.04626150e-01 -7.27294177e-01 -6.00748888e-01
 -1.42516180e-02  1.08342185e-01  2.67825567e-01  1.98074644e-01
  1.85949716e-01 -1.43867292e-01 -2.97694199e-01 -8.88522735e-02
  5.81143335e-01 -1.57009587e-02 -1.02451897e+00 -4.46459230e-01
  6.31097230e-02  4.08745263e-02 -1.58092224e-01 -4.26919281e-01
 -1.35482627e-01 -5.34388003e-01 -1.01242321e+00 -4.11023214e-01
  1.09801779e+00 -3.41036780e-01 -2.58187796e-01  4.73246286e-01
 -2.35858953e-01 -3.72969218e-01 -5.60728614e-02  2.40238591e-01
 -3.17926769e-01 -5.19580569e-02 -5.25087034e-02 -2.75307990e-01
 -4.45074523e-01  1.50290679e-01  1.02949488e+00  2.22601713e-01
 -3.17622834e-01  5.15812433e-02 -4.98880535e-02  3.82699511e-03
  1.21737372e-01  1.06853965e-01  3.00695097e-01  3.36056301e-01
 -1.22845069e+00 -2.00333959e-01 -2.73759903e-02  4.00674443e-01
 -3.50328089e-01  2.75579820e-01 -4.56056134e-01  1.56247323e-01
  5.77087122e-01 -5.84726847e-01  9.82788976e-02  1.01620088e-01
 -1.11405552e-01 -1.07430190e+00 -4.28128234e-01  2.03237150e-01
 -3.90515484e-01  1.93001955e-01  2.73588456e-01 -3.69734650e-01
 -1.87479635e-01 -5.89159613e-01 -3.75002698e-01 -2.68298667e-02
  1.83055054e-01  3.75427412e-01 -3.13107313e-01 -2.48449184e-01
  1.95968365e-01 -2.11312826e-01  3.88572666e-01 -4.51766061e-01
 -3.09478915e-01 -8.46331153e-01  2.72961630e-01  2.81404825e-01
  2.21031647e-01  1.37685636e-01  8.35837639e-02 -3.84989299e-01
 -3.41641107e-02  6.13844107e-02  8.88796553e-01 -1.60353403e-01
  2.49495309e-01 -5.57127275e-02  3.16471535e-01 -4.70429950e-02
 -2.35019277e-01]"
2,3,80.0,93.00278772623588,49.163794386130164,41.63249064491793,"[ 6.49140375e-01  4.22947762e-01  2.36727874e-01 -2.21924466e-01
 -1.18212966e+00 -1.39256801e+00 -5.06118119e-01  8.60695833e-01
 -2.84670754e-02 -3.49165911e-01 -4.35730134e-01  1.86013949e-01
 -3.19585245e-01  1.24781360e-01  1.53515067e-01 -1.64798165e-01
 -2.71450364e-01  2.81344090e-01  2.24900486e-01 -1.95338707e-01
 -5.99716016e-02 -4.86590008e-01 -1.16548630e-01  3.09491908e-02
  4.01891768e-02  1.87726896e-01 -3.50323449e-01 -1.61079344e-01
 -3.47337677e-01 -1.58020319e-01 -4.05851966e-02  8.68871678e-01
 -4.70507737e-01 -6.03511570e-01 -1.43566323e-01  2.31816528e-01
 -6.39166097e-01  9.53707353e-01  3.99340515e-01 -2.53108086e-01
 -4.85524285e-01 -2.01333944e-01  1.32187550e-01 -3.41253901e-01
 -3.47334291e-01  2.87092728e-01 -2.31572187e-01  5.43887540e-01
 -2.93145725e-01  1.03042442e-01  1.54608295e-02 -6.55974143e-01
  7.35369028e-01  4.75465898e-01  9.06487128e-02  1.79902045e-01
 -2.96490168e-02  6.71120436e-01  2.88384029e-01 -2.39392501e-01
 -4.53305227e-01 -5.55287387e-01  2.08784508e-01  2.88364069e-01
 -6.60412300e-01  3.89379358e-01 -1.17754120e-01  2.49979754e-01
 -1.90761859e-01  6.27341843e-02 -1.23404806e-01  7.61116452e-02
 -1.74578874e-01 -4.68323115e-01  5.51196862e-01 -3.05315824e-01
 -5.51962356e-01 -2.38539887e-01 -3.11073708e-02 -1.99406884e-01
 -5.66013023e-01 -1.54933651e-01  2.90634761e-01  1.10969133e-01
 -7.14084919e-01 -6.52106565e-01  2.21551457e-01  4.74305902e-01
  2.13445249e-01  1.65968915e-02  4.87481388e-01  8.06101358e-01
  1.53308792e-01 -6.36701285e-01 -9.28172098e-01  8.13773350e-01
 -6.10595459e-02  3.24748808e-01 -6.94500162e-02 -1.36501220e-01
 -1.31155241e-01 -2.72979813e-01  5.50568675e-01  6.53010110e-01
  4.55272343e-01 -8.31063731e-01  5.37871824e-01  2.04973588e-02
  2.64486795e-01 -2.69672847e-01  8.46618837e-02 -1.30277800e-01
 -4.86875551e-01  6.70769330e-02 -4.01227075e-01  5.82571878e-01
  8.94102013e-01  9.17891485e-01 -7.25858631e-01 -3.60046978e-01
 -7.38866738e-01  2.38843176e-01  3.80539731e-01 -4.94770391e-01
  2.25415318e-02 -4.90253625e-03 -5.43654604e-01  1.33266854e-01
 -1.17153252e-02 -7.12234378e-01 -6.59544822e-02 -1.62428726e-01
 -2.15058008e-01 -1.13980509e-01 -8.65869343e-02  2.21611782e-01
  6.35318507e-01  6.00944883e-02  8.51247909e-01 -5.15279586e-01
 -1.09021114e-03 -9.37357896e-01 -9.32052781e-02  4.67087131e-01
 -4.56532975e-01  3.47416512e-02  3.13705505e-01 -2.15439974e-03
 -2.54631254e-01 -7.47902934e-02  3.02600277e-01  2.96911887e-01
 -5.04512368e-01  1.77322907e-01 -7.74046643e-02 -4.00181983e-01
  1.86603585e-01 -5.00547568e-03 -6.93097628e-03 -6.01537312e-02
  4.52442972e-01 -8.76661603e-02  4.68552757e-01 -4.52613042e-01
  5.88835169e-01 -2.92604373e-01  3.98299580e-01 -5.45960681e-01
 -2.33232849e-01  2.04626150e-01 -7.27294177e-01 -6.00748888e-01
 -1.42516180e-02  1.08342185e-01  2.67825567e-01  1.98074644e-01
  1.85949716e-01 -1.43867292e-01 -2.97694199e-01 -8.88522735e-02
  5.81143335e-01 -1.57009587e-02 -1.02451897e+00 -4.46459230e-01
  6.31097230e-02  4.08745263e-02 -1.58092224e-01 -4.26919281e-01
 -1.35482627e-01 -5.34388003e-01 -1.01242321e+00 -4.11023214e-01
  1.09801779e+00 -3.41036780e-01 -2.58187796e-01  4.73246286e-01
 -2.35858953e-01 -3.72969218e-01 -5.60728614e-02  2.40238591e-01
 -3.17926769e-01 -5.19580569e-02 -5.25087034e-02 -2.75307990e-01
 -4.45074523e-01  1.50290679e-01  1.02949488e+00  2.22601713e-01
 -3.17622834e-01  5.15812433e-02 -4.98880535e-02  3.82699511e-03
  1.21737372e-01  1.06853965e-01  3.00695097e-01  3.36056301e-01
 -1.22845069e+00 -2.00333959e-01 -2.73759903e-02  4.00674443e-01
 -3.50328089e-01  2.75579820e-01 -4.56056134e-01  1.56247323e-01
  5.77087122e-01 -5.84726847e-01  9.82788976e-02  1.01620088e-01
 -1.11405552e-01 -1.07430190e+00 -4.28128234e-01  2.03237150e-01
 -3.90515484e-01  1.93001955e-01  2.73588456e-01 -3.69734650e-01
 -1.87479635e-01 -5.89159613e-01 -3.75002698e-01 -2.68298667e-02
  1.83055054e-01  3.75427412e-01 -3.13107313e-01 -2.48449184e-01
  1.95968365e-01 -2.11312826e-01  3.88572666e-01 -4.51766061e-01
 -3.09478915e-01 -8.46331153e-01  2.72961630e-01  2.81404825e-01
  2.21031647e-01  1.37685636e-01  8.35837639e-02 -3.84989299e-01
 -3.41641107e-02  6.13844107e-02  8.88796553e-01 -1.60353403e-01
  2.49495309e-01 -5.57127275e-02  3.16471535e-01 -4.70429950e-02
 -2.35019277e-01]"
2,4,80.0,93.00278772623588,56.59031327227698,37.554512978266935,"[ 6.49140375e-01  4.22947762e-01  2.36727874e-01 -2.21924466e-01
 -1.18212966e+00 -1.39256801e+00 -5.06118119e-01  8.60695833e-01
 -2.84670754e-02 -3.49165911e-01 -4.35730134e-01  1.86013949e-01
 -3.19585245e-01  1.24781360e-01  1.53515067e-01 -1.64798165e-01
 -2.71450364e-01  2.81344090e-01  2.24900486e-01 -1.95338707e-01
 -5.99716016e-02 -4.86590008e-01 -1.16548630e-01  3.09491908e-02
  4.01891768e-02  1.87726896e-01 -3.50323449e-01 -1.61079344e-01
 -3.47337677e-01 -1.58020319e-01 -4.05851966e-02  8.68871678e-01
 -4.70507737e-01 -6.03511570e-01 -1.43566323e-01  2.31816528e-01
 -6.39166097e-01  9.53707353e-01  3.99340515e-01 -2.53108086e-01
 -4.85524285e-01 -2.01333944e-01  1.32187550e-01 -3.41253901e-01
 -3.47334291e-01  2.87092728e-01 -2.31572187e-01  5.43887540e-01
 -2.93145725e-01  1.03042442e-01  1.54608295e-02 -6.55974143e-01
  7.35369028e-01  4.75465898e-01  9.06487128e-02  1.79902045e-01
 -2.96490168e-02  6.71120436e-01  2.88384029e-01 -2.39392501e-01
 -4.53305227e-01 -5.55287387e-01  2.08784508e-01  2.88364069e-01
 -6.60412300e-01  3.89379358e-01 -1.17754120e-01  2.49979754e-01
 -1.90761859e-01  6.27341843e-02 -1.23404806e-01  7.61116452e-02
 -1.74578874e-01 -4.68323115e-01  5.51196862e-01 -3.05315824e-01
 -5.51962356e-01 -2.38539887e-01 -3.11073708e-02 -1.99406884e-01
 -5.66013023e-01 -1.54933651e-01  2.90634761e-01  1.10969133e-01
 -7.14084919e-01 -6.52106565e-01  2.21551457e-01  4.74305902e-01
  2.13445249e-01  1.65968915e-02  4.87481388e-01  8.06101358e-01
  1.53308792e-01 -6.36701285e-01 -9.28172098e-01  8.13773350e-01
 -6.10595459e-02  3.24748808e-01 -6.94500162e-02 -1.36501220e-01
 -1.31155241e-01 -2.72979813e-01  5.50568675e-01  6.53010110e-01
  4.55272343e-01 -8.31063731e-01  5.37871824e-01  2.04973588e-02
  2.64486795e-01 -2.69672847e-01  8.46618837e-02 -1.30277800e-01
 -4.86875551e-01  6.70769330e-02 -4.01227075e-01  5.82571878e-01
  8.94102013e-01  9.17891485e-01 -7.25858631e-01 -3.60046978e-01
 -7.38866738e-01  2.38843176e-01  3.80539731e-01 -4.94770391e-01
  2.25415318e-02 -4.90253625e-03 -5.43654604e-01  1.33266854e-01
 -1.17153252e-02 -7.12234378e-01 -6.59544822e-02 -1.62428726e-01
 -2.15058008e-01 -1.13980509e-01 -8.65869343e-02  2.21611782e-01
  6.35318507e-01  6.00944883e-02  8.51247909e-01 -5.15279586e-01
 -1.09021114e-03 -9.37357896e-01 -9.32052781e-02  4.67087131e-01
 -4.56532975e-01  3.47416512e-02  3.13705505e-01 -2.15439974e-03
 -2.54631254e-01 -7.47902934e-02  3.02600277e-01  2.96911887e-01
 -5.04512368e-01  1.77322907e-01 -7.74046643e-02 -4.00181983e-01
  1.86603585e-01 -5.00547568e-03 -6.93097628e-03 -6.01537312e-02
  4.52442972e-01 -8.76661603e-02  4.68552757e-01 -4.52613042e-01
  5.88835169e-01 -2.92604373e-01  3.98299580e-01 -5.45960681e-01
 -2.33232849e-01  2.04626150e-01 -7.27294177e-01 -6.00748888e-01
 -1.42516180e-02  1.08342185e-01  2.67825567e-01  1.98074644e-01
  1.85949716e-01 -1.43867292e-01 -2.97694199e-01 -8.88522735e-02
  5.81143335e-01 -1.57009587e-02 -1.02451897e+00 -4.46459230e-01
  6.31097230e-02  4.08745263e-02 -1.58092224e-01 -4.26919281e-01
 -1.35482627e-01 -5.34388003e-01 -1.01242321e+00 -4.11023214e-01
  1.09801779e+00 -3.41036780e-01 -2.58187796e-01  4.73246286e-01
 -2.35858953e-01 -3.72969218e-01 -5.60728614e-02  2.40238591e-01
 -3.17926769e-01 -5.19580569e-02 -5.25087034e-02 -2.75307990e-01
 -4.45074523e-01  1.50290679e-01  1.02949488e+00  2.22601713e-01
 -3.17622834e-01  5.15812433e-02 -4.98880535e-02  3.82699511e-03
  1.21737372e-01  1.06853965e-01  3.00695097e-01  3.36056301e-01
 -1.22845069e+00 -2.00333959e-01 -2.73759903e-02  4.00674443e-01
 -3.50328089e-01  2.75579820e-01 -4.56056134e-01  1.56247323e-01
  5.77087122e-01 -5.84726847e-01  9.82788976e-02  1.01620088e-01
 -1.11405552e-01 -1.07430190e+00 -4.28128234e-01  2.03237150e-01
 -3.90515484e-01  1.93001955e-01  2.73588456e-01 -3.69734650e-01
 -1.87479635e-01 -5.89159613e-01 -3.75002698e-01 -2.68298667e-02
  1.83055054e-01  3.75427412e-01 -3.13107313e-01 -2.48449184e-01
  1.95968365e-01 -2.11312826e-01  3.88572666e-01 -4.51766061e-01
 -3.09478915e-01 -8.46331153e-01  2.72961630e-01  2.81404825e-01
  2.21031647e-01  1.37685636e-01  8.35837639e-02 -3.84989299e-01
 -3.41641107e-02  6.13844107e-02  8.88796553e-01 -1.60353403e-01
  2.49495309e-01 -5.57127275e-02  3.16471535e-01 -4.70429950e-02
 -2.35019277e-01]"
